age_year,RECOMMENDED_house_1,RECOMMENDED_house_2,RECOMMENDED_house_3,RECOMMENDED_house_4,RECOMMENDED_house_5,RECOMMENDED_house_6,RECOMMENDED_house_7,RECOMMENDED_house_8,RECOMMENDED_house_9,RECOMMENDED_house_10,RECOMMENDED_house_11,RECOMMENDED_house_12,recommended_status,natal_house_1_printed,natal_house_2_printed,natal_house_3_printed,natal_house_4_printed,natal_house_5_printed,natal_house_6_printed,natal_house_7_printed,natal_house_8_printed,natal_house_9_printed,natal_house_10_printed,natal_house_11_printed,natal_house_12_printed,shrimali_transcription_check,shrimali_row_status,shrimali_duplicate_values,shrimali_missing_values,shrimali_affected_columns,shrimali_source_page,lk1952_house_1,lk1952_house_2,lk1952_house_3,lk1952_house_4,lk1952_house_5,lk1952_house_6,lk1952_house_7,lk1952_house_8,lk1952_house_9,lk1952_house_10,lk1952_house_11,lk1952_house_12,lk1952_col7_derived,lk1952_edition_page,ext_candidate_house_1,ext_candidate_house_2,ext_candidate_house_3,ext_candidate_house_4,ext_candidate_house_5,ext_candidate_house_6,ext_candidate_house_7,ext_candidate_house_8,ext_candidate_house_9,ext_candidate_house_10,ext_candidate_house_11,ext_candidate_house_12,ext_candidate_status
1,1,9,10,3,5,2,11,7,6,12,4,8,AGREED: Shrimali = 1952 edn,1,9,10,3,5,2,11,7,6,12,4,8,matches printed image (v2 3x-zoom check),VERIFIED valid permutation,,,,p221,1,9,10,3,5,2,11,7,6,12,4,8,no,222,,,,,,,,,,,,,
2,4,1,12,9,3,7,5,6,2,8,10,11,AGREED: Shrimali = 1952 edn,4,1,12,9,3,7,5,6,2,8,10,11,matches printed image (v2 3x-zoom check),VERIFIED valid permutation,,,,p221,4,1,12,9,3,7,5,6,2,8,10,11,no,222,,,,,,,,,,,,,
3,9,4,1,2,8,3,10,5,7,11,12,6,AGREED: Shrimali = 1952 edn,9,4,1,2,8,3,10,5,7,11,12,6,matches printed image (v2 3x-zoom check),VERIFIED valid permutation,,,,p221,9,4,1,2,8,3,10,5,7,11,12,6,no,222,,,,,,,,,,,,,
4,3,8,4,1,10,9,6,11,5,7,2,12,AGREED: Shrimali = 1952 edn,3,8,4,1,10,9,6,11,5,7,2,12,matches printed image (v2 3x-zoom check),VERIFIED valid permutation,,,,p221,3,8,4,1,10,9,6,11,5,7,2,12,no,222,,,,,,,,,,,,,
5,11,3,8,4,1,5,9,2,12,6,7,10,AGREED: Shrimali = 1952 edn,11,3,8,4,1,5,9,2,12,6,7,10,matches printed image (v2 3x-zoom check),VERIFIED valid permutation,,,,p221,11,3,8,4,1,5,9,2,12,6,7,10,no,222,,,,,,,,,,,,,
6,5,12,3,8,4,11,2,9,1,10,6,7,CORRECTED FROM 1952 edn (Shrimali misprint); matches pdfcoffee chart,5,12,3,3,8,11,2,9,1,10,6,7,matches printed image (v2 3x-zoom check),SOURCE MISPRINT - not a valid permutation,3,4,3 4,p221,5,12,3,8,4,11,2,9,1,10,6,7,no,222,5,12,3,8,4,11,2,9,1,10,6,7,"EXT-VERIFY (low confidence): external candidate also changes a non-duplicate cell, or the source reading was inconsistent"
7,7,6,9,5,12,4,1,10,11,2,8,3,AGREED: Shrimali = 1952 edn,7,6,9,5,12,4,1,10,11,2,8,3,matches printed image (v2 3x-zoom check),VERIFIED valid permutation,,,,p221,7,6,9,5,12,4,1,10,11,2,8,3,no,222,,,,,,,,,,,,,
8,2,7,6,12,9,10,3,1,8,5,11,4,AGREED: Shrimali = 1952 edn,2,7,6,12,9,10,3,1,8,5,11,4,matches printed image (v2 3x-zoom check),VERIFIED valid permutation,,,,p221,2,7,6,12,9,10,3,1,8,5,11,4,no,222,,,,,,,,,,,,,
9,12,2,7,6,11,1,8,4,10,3,5,9,AGREED: Shrimali = 1952 edn,12,2,7,6,11,1,8,4,10,3,5,9,matches printed image (v2 3x-zoom check),VERIFIED valid permutation,,,,p221,12,2,7,6,11,1,8,4,10,3,5,9,no,222,,,,,,,,,,,,,
10,10,11,2,7,6,12,4,8,3,1,9,5,CORRECTED FROM 1952 edn (Shrimali misprint); matches pdfcoffee chart,10,12,2,7,6,12,4,8,3,1,9,5,matches printed image (v2 3x-zoom check),SOURCE MISPRINT - not a valid permutation,12,11,2 6,p221,10,11,2,7,6,12,4,8,3,1,9,5,no,222,10,11,2,7,6,12,4,8,3,1,9,5,"EXT-VERIFY (low confidence): external candidate also changes a non-duplicate cell, or the source reading was inconsistent"
11,8,5,11,10,7,6,12,3,9,4,1,2,AGREED: Shrimali = 1952 edn,8,5,11,10,7,6,12,3,9,4,1,2,matches printed image (v2 3x-zoom check),VERIFIED valid permutation,,,,p221,8,5,11,10,7,6,12,3,9,4,1,2,no,222,,,,,,,,,,,,,
12,6,10,5,11,2,8,7,12,4,9,3,1,AGREED: Shrimali = 1952 edn,6,10,5,11,2,8,7,12,4,9,3,1,matches printed image (v2 3x-zoom check),VERIFIED valid permutation,,,,p221,6,10,5,11,2,8,7,12,4,9,3,1,no,222,,,,,,,,,,,,,
13,1,5,10,8,11,6,7,2,12,3,9,4,AGREED: Shrimali = 1952 edn,1,5,10,8,11,6,7,2,12,3,9,4,matches printed image (v2 3x-zoom check),VERIFIED valid permutation,,,,p221,1,5,10,8,11,6,7,2,12,3,9,4,no,222,,,,,,,,,,,,,
14,4,1,3,2,5,7,8,11,6,12,10,9,CORRECTED FROM 1952 edn (Shrimali misprint); matches pdfcoffee chart,4,1,3,2,5,4,8,11,6,12,10,9,matches printed image (v2 3x-zoom check),SOURCE MISPRINT - not a valid permutation,4,7,1 6,p221,4,1,3,2,5,7,8,11,6,12,10,9,no,222,4,1,3,2,5,7,8,11,6,12,10,9,EXT-VERIFY: external candidate differs from print only in the misprinted (duplicate) cells
15,9,4,1,6,8,5,2,7,11,10,12,3,AGREED: Shrimali = 1952 edn,9,4,1,6,8,5,2,7,11,10,12,3,matches printed image (v2 3x-zoom check),VERIFIED valid permutation,,,,p221,9,4,1,6,8,5,2,7,11,10,12,3,no,222,,,,,,,,,,,,,
16,3,9,4,1,12,8,6,5,2,7,11,10,CORRECTED FROM 1952 edn (Shrimali misprint); matches pdfcoffee chart,3,8,4,1,12,8,6,5,2,7,11,10,matches printed image (v2 3x-zoom check),SOURCE MISPRINT - not a valid permutation,8,9,2 6,p221,3,9,4,1,12,8,6,5,2,7,11,10,no,222,3,9,4,1,12,8,6,5,2,7,11,10,EXT-VERIFY: external candidate differs from print only in the misprinted (duplicate) cells
17,11,3,9,4,1,10,5,6,7,8,2,12,"RECONCILED BY MAJORITY: col2 from 1952 edn + pdfcoffee chart; cols 3-4 from Shrimali + pdfcoffee chart (1952 edn has 4,9)",11,8,9,4,1,10,5,6,7,8,2,12,matches printed image (v2 3x-zoom check),SOURCE MISPRINT - not a valid permutation,8,3,2 10,p221,11,3,4,9,1,10,5,6,7,8,2,12,no,222,11,3,9,4,1,10,5,6,7,8,2,12,EXT-VERIFY: external candidate differs from print only in the misprinted (duplicate) cells
18,5,11,6,9,4,1,12,8,10,2,3,7,AGREED: Shrimali = 1952 edn,5,11,6,9,4,1,12,8,10,2,3,7,matches printed image (v2 3x-zoom check),VERIFIED valid permutation,,,,p221,5,11,6,9,4,1,12,8,10,2,3,7,no,222,,,,,,,,,,,,,
19,7,10,11,3,9,4,1,12,8,5,6,2,AGREED: Shrimali = 1952 edn,7,10,11,3,9,4,1,12,8,5,6,2,matches printed image (v2 3x-zoom check),VERIFIED valid permutation,,,,p221,7,10,11,3,9,4,1,12,8,5,6,2,no,222,,,,,,,,,,,,,
20,2,7,5,12,3,9,10,1,4,6,8,11,AGREED: Shrimali = 1952 edn,2,7,5,12,3,9,10,1,4,6,8,11,matches printed image (v2 3x-zoom check),VERIFIED valid permutation,,,,p221,2,7,5,12,3,9,10,1,4,6,8,11,no,223,,,,,,,,,,,,,
21,12,2,8,5,10,3,9,4,1,11,7,6,SHRIMALI KEPT: 1952 edn has invalid row; online agreement previously reported but candidate numbers are not archived,12,2,8,5,10,3,9,4,1,11,7,6,matches printed image (v2 3x-zoom check),VERIFIED valid permutation,,,,p221,12,2,8,5,10,3,9,6,1,11,7,6,no,223,,,,,,,,,,,,,NOT ARCHIVED: online agreement claimed in v2.1 narrative; cannot independently verify from saved CSV
22,10,12,2,7,6,11,3,9,5,1,4,8,CORRECTED FROM 1952 edn (Shrimali misprint); matches pdfcoffee chart,10,12,2,7,6,11,3,9,5,11,4,8,matches printed image (v2 3x-zoom check),SOURCE MISPRINT - not a valid permutation,11,1,6 10,p221,10,12,2,7,6,11,3,9,5,1,4,8,no,223,10,12,2,7,6,11,3,9,5,1,4,8,EXT-VERIFY: external candidate differs from print only in the misprinted (duplicate) cells
23,8,6,12,10,7,2,11,3,9,4,1,5,AGREED: Shrimali = 1952 edn,8,6,12,10,7,2,11,3,9,4,1,5,matches printed image (v2 3x-zoom check),VERIFIED valid permutation,,,,p221,8,6,12,10,7,2,11,3,9,4,1,5,no,223,,,,,,,,,,,,,
24,6,8,7,11,2,12,4,10,3,9,5,1,AGREED: Shrimali = 1952 edn,6,8,7,11,2,12,4,10,3,9,5,1,matches printed image (v2 3x-zoom check),VERIFIED valid permutation,,,,p221,6,8,7,11,2,12,4,10,3,9,5,1,no,223,,,,,,,,,,,,,
25,1,6,10,3,2,8,7,4,11,5,12,9,AGREED: Shrimali = 1952 edn,1,6,10,3,2,8,7,4,11,5,12,9,matches printed image (v2 3x-zoom check),VERIFIED valid permutation,,,,p221,1,6,10,3,2,8,7,4,11,5,12,9,no,223,,,,,,,,,,,,,
26,4,1,3,8,6,7,2,11,12,9,5,10,AGREED: Shrimali = 1952 edn,4,1,3,8,6,7,2,11,12,9,5,10,matches printed image (v2 3x-zoom check),VERIFIED valid permutation,,,,p222,4,1,3,8,6,7,2,11,12,9,5,10,no,223,,,,,,,,,,,,,
27,9,4,1,5,10,11,12,7,6,8,2,3,AGREED: Shrimali = 1952 edn,9,4,1,5,10,11,12,7,6,8,2,3,matches printed image (v2 3x-zoom check),VERIFIED valid permutation,,,,p222,9,4,1,5,10,11,12,7,6,8,2,3,no,223,,,,,,,,,,,,,
28,3,9,4,1,11,5,6,8,7,2,10,12,AGREED: Shrimali = 1952 edn,3,9,4,1,11,5,6,8,7,2,10,12,matches printed image (v2 3x-zoom check),VERIFIED valid permutation,,,,p222,3,9,4,1,11,5,6,8,7,2,10,12,no,223,,,,,,,,,,,,,
29,11,3,9,4,1,6,8,2,10,12,7,5,AGREED: Shrimali = 1952 edn,11,3,9,4,1,6,8,2,10,12,7,5,matches printed image (v2 3x-zoom check),VERIFIED valid permutation,,,,p222,11,3,9,4,1,6,8,2,10,12,7,5,no,223,,,,,,,,,,,,,
30,5,11,8,9,4,1,3,12,2,10,6,7,AGREED: Shrimali = 1952 edn,5,11,8,9,4,1,3,12,2,10,6,7,matches printed image (v2 3x-zoom check),VERIFIED valid permutation,,,,p222,5,11,8,9,4,1,3,12,2,10,6,7,no,223,,,,,,,,,,,,,
31,7,5,11,12,9,4,1,10,8,6,3,2,AGREED: Shrimali = 1952 edn,7,5,11,12,9,4,1,10,8,6,3,2,matches printed image (v2 3x-zoom check),VERIFIED valid permutation,,,,p222,7,5,11,12,9,4,1,10,8,6,3,2,no,223,,,,,,,,,,,,,
32,2,7,5,11,3,12,10,6,4,1,9,8,AGREED: Shrimali = 1952 edn,2,7,5,11,3,12,10,6,4,1,9,8,matches printed image (v2 3x-zoom check),VERIFIED valid permutation,,,,p222,2,7,5,11,3,12,10,6,4,1,9,8,no,223,,,,,,,,,,,,,
33,12,2,6,10,8,3,9,1,5,7,4,11,AGREED: Shrimali = 1952 edn,12,2,6,10,8,3,9,1,5,7,4,11,matches printed image (v2 3x-zoom check),VERIFIED valid permutation,,,,p222,12,2,6,10,8,3,9,1,5,7,4,11,no,223,,,,,,,,,,,,,
34,10,12,2,7,5,9,11,3,1,4,8,6,AGREED: Shrimali = 1952 edn,10,12,2,7,5,9,11,3,1,4,8,6,matches printed image (v2 3x-zoom check),VERIFIED valid permutation,,,,p222,10,12,2,7,5,9,11,3,1,4,8,6,no,223,,,,,,,,,,,,,
35,8,10,12,6,7,2,4,5,9,3,11,1,CORRECTED FROM 1952 edn (Shrimali misprint); matches pdfcoffee chart,8,10,12,6,7,2,4,5,9,3,11,11,matches printed image (v2 3x-zoom check),SOURCE MISPRINT - not a valid permutation,11,1,11 12,p222,8,10,12,6,7,2,4,5,9,3,11,1,no,223,8,10,12,6,7,2,4,5,9,3,11,1,EXT-VERIFY: external candidate differs from print only in the misprinted (duplicate) cells
36,6,8,7,2,12,10,5,9,3,11,1,4,AGREED: Shrimali = 1952 edn,6,8,7,2,12,10,5,9,3,11,1,4,matches printed image (v2 3x-zoom check),VERIFIED valid permutation,,,,p222,6,8,7,2,12,10,5,9,3,11,1,4,no,223,,,,,,,,,,,,,
37,1,3,10,6,9,12,7,5,11,2,4,8,CORRECTED FROM 1952 edn (Shrimali misprint); matches pdfcoffee chart,1,3,10,6,9,12,7,5,11,1,4,8,matches printed image (v2 3x-zoom check),SOURCE MISPRINT - not a valid permutation,1,2,1 10,p222,1,3,10,6,9,12,7,5,11,2,4,8,no,223,1,3,10,6,9,12,7,5,11,2,4,8,EXT-VERIFY: external candidate differs from print only in the misprinted (duplicate) cells
38,4,1,3,8,6,5,2,7,12,10,11,9,AGREED: Shrimali = 1952 edn,4,1,3,8,6,5,2,7,12,10,11,9,matches printed image (v2 3x-zoom check),VERIFIED valid permutation,,,,p222,4,1,3,8,6,5,2,7,12,10,11,9,no,223,,,,,,,,,,,,,
39,9,4,1,12,8,2,10,11,6,3,5,7,AGREED: Shrimali = 1952 edn,9,4,1,12,8,2,10,11,6,3,5,7,matches printed image (v2 3x-zoom check),VERIFIED valid permutation,,,,p222,9,4,1,12,8,2,10,11,6,3,5,7,no,223,,,,,,,,,,,,,
40,3,9,4,1,11,8,6,12,2,5,7,10,AGREED: Shrimali = 1952 edn,3,9,4,1,11,8,6,12,2,5,7,10,matches printed image (v2 3x-zoom check),VERIFIED valid permutation,,,,p222,3,9,4,1,11,8,6,12,2,5,7,10,no,223,,,,,,,,,,,,,
41,11,7,9,4,1,6,8,2,10,12,3,5,AGREED: Shrimali = 1952 edn,11,7,9,4,1,6,8,2,10,12,3,5,matches printed image (v2 3x-zoom check),VERIFIED valid permutation,,,,p222,11,7,9,4,1,6,8,2,10,12,3,5,no,223,,,,,,,,,,,,,
42,5,11,8,9,12,1,3,4,7,6,10,2,AGREED: Shrimali = 1952 edn,5,11,8,9,12,1,3,4,7,6,10,2,matches printed image (v2 3x-zoom check),VERIFIED valid permutation,,,,p222,5,11,8,9,12,1,3,4,7,6,10,2,no,223,,,,,,,,,,,,,
43,7,5,11,2,3,4,1,10,8,9,12,6,CORRECTED FROM 1952 edn (Shrimali misprint); matches pdfcoffee chart,7,5,11,2,3,4,1,11,8,9,12,6,matches printed image (v2 3x-zoom check),SOURCE MISPRINT - not a valid permutation,11,10,3 8,p222,7,5,11,2,3,4,1,10,8,9,12,6,no,223,7,5,11,2,3,4,1,10,8,9,12,6,EXT-VERIFY: external candidate differs from print only in the misprinted (duplicate) cells
44,2,10,5,3,4,9,12,8,1,7,6,11,AGREED: Shrimali = 1952 edn,2,10,5,3,4,9,12,8,1,7,6,11,matches printed image (v2 3x-zoom check),VERIFIED valid permutation,,,,p222,2,10,5,3,4,9,12,8,1,7,6,11,no,223,,,,,,,,,,,,,
45,12,2,6,5,10,7,9,1,3,11,8,4,AGREED: Shrimali = 1952 edn,12,2,6,5,10,7,9,1,3,11,8,4,matches printed image (v2 3x-zoom check),VERIFIED valid permutation,,,,p222,12,2,6,5,10,7,9,1,3,11,8,4,no,223,,,,,,,,,,,,,
46,10,12,2,7,5,3,11,6,4,8,9,1,AGREED: Shrimali = 1952 edn,10,12,2,7,5,3,11,6,4,8,9,1,matches printed image (v2 3x-zoom check),VERIFIED valid permutation,,,,p222,10,12,2,7,5,3,11,6,4,8,9,1,no,223,,,,,,,,,,,,,
47,8,6,12,10,7,11,4,9,5,1,2,3,CORRECTED FROM 1952 edn (Shrimali misprint); matches pdfcoffee chart,8,6,12,10,7,11,4,9,5,6,2,3,matches printed image (v2 3x-zoom check),SOURCE MISPRINT - not a valid permutation,6,1,2 10,p222,8,6,12,10,7,11,4,9,5,1,2,3,no,223,8,6,12,10,7,11,4,9,5,1,2,3,EXT-VERIFY: external candidate differs from print only in the misprinted (duplicate) cells
48,6,8,7,11,2,10,5,3,9,4,1,12,AGREED: Shrimali = 1952 edn,6,8,7,11,2,10,5,3,9,4,1,12,matches printed image (v2 3x-zoom check),VERIFIED valid permutation,,,,p222,6,8,7,11,2,10,5,3,9,4,1,12,no,223,,,,,,,,,,,,,
49,1,7,10,6,12,2,8,4,11,9,3,5,AGREED: Shrimali = 1952 edn,1,7,10,6,12,2,8,4,11,9,3,5,matches printed image (v2 3x-zoom check),VERIFIED valid permutation,,,,p222,1,7,10,6,12,2,8,4,11,9,3,5,no,223,,,,,,,,,,,,,
50,4,1,8,3,6,12,5,11,2,7,10,9,AGREED: Shrimali = 1952 edn,4,1,8,3,6,12,5,11,2,7,10,9,matches printed image (v2 3x-zoom check),VERIFIED valid permutation,,,,p222,4,1,8,3,6,12,5,11,2,7,10,9,no,223,,,,,,,,,,,,,
51,9,4,1,2,8,3,12,6,7,10,5,11,CORRECTED FROM 1952 edn (Shrimali misprint); matches pdfcoffee chart,9,4,6,2,8,3,12,6,7,10,5,11,matches printed image (v2 3x-zoom check),SOURCE MISPRINT - not a valid permutation,6,1,3 8,p222,9,4,1,2,8,3,12,6,7,10,5,11,no,223,9,4,1,2,8,3,12,6,7,10,5,11,EXT-VERIFY: external candidate differs from print only in the misprinted (duplicate) cells
52,3,9,4,1,11,7,2,12,5,8,6,10,AGREED: Shrimali = 1952 edn,3,9,4,1,11,7,2,12,5,8,6,10,matches printed image (v2 3x-zoom check),VERIFIED valid permutation,,,,p222,3,9,4,1,11,7,2,12,5,8,6,10,no,223,,,,,,,,,,,,,
53,11,10,7,4,1,6,3,9,12,5,8,2,AGREED: Shrimali = 1952 edn,11,10,7,4,1,6,3,9,12,5,8,2,matches printed image (v2 3x-zoom check),VERIFIED valid permutation,,,,p222,11,10,7,4,1,6,3,9,12,5,8,2,no,224,,,,,,,,,,,,,
54,5,11,3,9,4,1,6,2,10,12,7,8,AGREED: Shrimali = 1952 edn,5,11,3,9,4,1,6,2,10,12,7,8,matches printed image (v2 3x-zoom check),VERIFIED valid permutation,,,,p222,5,11,3,9,4,1,6,2,10,12,7,8,no,224,,,,,,,,,,,,,
55,7,5,11,8,3,9,1,10,6,4,2,12,AGREED: Shrimali = 1952 edn,7,5,11,8,3,9,1,10,6,4,2,12,matches printed image (v2 3x-zoom check),VERIFIED valid permutation,,,,p222,7,5,11,8,3,9,1,10,6,4,2,12,no,224,,,,,,,,,,,,,
56,2,3,5,11,9,4,10,1,8,6,12,7,AGREED: Shrimali = 1952 edn,2,3,5,11,9,4,10,1,8,6,12,7,matches printed image (v2 3x-zoom check),VERIFIED valid permutation,,,,p222,2,3,5,11,9,4,10,1,8,6,12,7,no,224,,,,,,,,,,,,,
57,12,2,6,5,10,8,9,7,4,11,1,3,AGREED: Shrimali = 1952 edn,12,2,6,5,10,8,9,7,4,11,1,3,matches printed image (v2 3x-zoom check),VERIFIED valid permutation,,,,p222,12,2,6,5,10,8,9,7,4,11,1,3,no,224,,,,,,,,,,,,,
58,10,12,2,7,5,11,4,8,3,1,9,6,CORRECTED FROM 1952 edn (Shrimali misprint); matches pdfcoffee chart,10,2,2,7,5,11,4,8,3,1,9,6,matches printed image (v2 3x-zoom check),SOURCE MISPRINT - not a valid permutation,2,12,2 3,p222,10,12,2,7,5,11,4,8,3,1,9,6,no,224,10,12,2,7,5,11,4,8,3,1,9,6,EXT-VERIFY: external candidate differs from print only in the misprinted (duplicate) cells
59,8,6,12,10,7,5,11,3,9,2,4,1,CORRECTED FROM 1952 edn (Shrimali misprint); online agreement previously claimed but candidate numbers are not archived,3,6,12,10,7,11,9,2,4,11,1,3,matches printed image (v2 3x-zoom check),SOURCE MISPRINT - not a valid permutation,3 11,5 8,1 6 10 12,p222,8,6,12,10,7,5,11,3,9,2,4,1,no,224,,,,,,,,,,,,,UNVERIFIED ONLINE CLAIM: earlier external extraction unusable; no replacement candidate values preserved; 1952 supports recommendation
60,6,8,9,12,2,10,7,5,1,3,11,4,AGREED: Shrimali = 1952 edn,6,8,9,12,2,10,7,5,1,3,11,4,matches printed image (v2 3x-zoom check),VERIFIED valid permutation,,,,p222,6,8,9,12,2,10,7,5,1,3,11,4,no,224,,,,,,,,,,,,,
61,1,11,10,6,12,2,4,7,8,9,5,3,CORRECTED FROM 1952 edn (Shrimali misprint); matches pdfcoffee chart,1,1,10,6,12,2,4,7,8,9,5,3,matches printed image (v2 3x-zoom check),SOURCE MISPRINT - not a valid permutation,1,11,1 2,p223,1,11,10,6,12,2,4,7,8,9,5,3,no,224,1,11,10,6,12,2,4,7,8,9,5,3,EXT-VERIFY: external candidate differs from print only in the misprinted (duplicate) cells
62,4,1,6,8,3,12,2,10,9,5,7,11,AGREED: Shrimali = 1952 edn,4,1,6,8,3,12,2,10,9,5,7,11,matches printed image (v2 3x-zoom check),VERIFIED valid permutation,,,,p223,4,1,6,8,3,12,2,10,9,5,7,11,no,224,,,,,,,,,,,,,
63,9,4,1,2,8,6,12,11,7,3,10,5,AGREED: Shrimali = 1952 edn,9,4,1,2,8,6,12,11,7,3,10,5,matches printed image (v2 3x-zoom check),VERIFIED valid permutation,,,,p223,9,4,1,2,8,6,12,11,7,3,10,5,no,224,,,,,,,,,,,,,
64,3,9,4,1,6,8,7,12,5,2,11,10,AGREED: Shrimali = 1952 edn,3,9,4,1,6,8,7,12,5,2,11,10,matches printed image (v2 3x-zoom check),VERIFIED valid permutation,,,,p223,3,9,4,1,6,8,7,12,5,2,11,10,no,224,,,,,,,,,,,,,
65,11,2,9,4,1,5,8,3,10,12,6,7,AGREED: Shrimali = 1952 edn,11,2,9,4,1,5,8,3,10,12,6,7,matches printed image (v2 3x-zoom check),VERIFIED valid permutation,,,,p223,11,2,9,4,1,5,8,3,10,12,6,7,no,224,,,,,,,,,,,,,
66,5,10,3,9,2,1,6,8,11,7,12,4,AGREED: Shrimali = 1952 edn,5,10,3,9,2,1,6,8,11,7,12,4,matches printed image (v2 3x-zoom check),VERIFIED valid permutation,,,,p223,5,10,3,9,2,1,6,8,11,7,12,4,no,224,,,,,,,,,,,,,
67,7,5,11,3,10,4,1,9,12,6,8,2,"CONFLICT: Shrimali provisionally retained; 1952 differs at cols 2,3; online agreement reported but candidate numbers not archived; show both readings",7,5,11,3,10,4,1,9,12,6,8,2,matches printed image (v2 3x-zoom check),VERIFIED valid permutation,,,,p223,7,11,5,3,10,4,1,9,12,6,8,2,no,224,,,,,,,,,,,,,NOT ARCHIVED: online agreement reported in v2.1; no candidate digits retained; conflict still unresolved
68,2,3,5,11,9,7,10,1,6,8,4,12,CORRECTED FROM 1952 edn (Shrimali misprint); matches pdfcoffee chart,12,3,5,1,9,7,10,1,6,8,4,12,matches printed image (v2 3x-zoom check),SOURCE MISPRINT - not a valid permutation,1 12,2 11,1 4 8 12,p223,2,3,5,11,9,7,10,1,6,8,4,12,no,224,2,3,5,11,9,7,10,1,6,8,4,12,EXT-VERIFY: external candidate differs from print only in the misprinted (duplicate) cells
69,12,8,7,5,11,3,9,4,1,10,2,6,AGREED: Shrimali = 1952 edn,12,8,7,5,11,3,9,4,1,10,2,6,matches printed image (v2 3x-zoom check),VERIFIED valid permutation,,,,p223,12,8,7,5,11,3,9,4,1,10,2,6,no,224,,,,,,,,,,,,,
70,10,12,2,7,5,11,3,6,4,1,9,8,AGREED: Shrimali = 1952 edn,10,12,2,7,5,11,3,6,4,1,9,8,matches printed image (v2 3x-zoom check),VERIFIED valid permutation,,,,p223,10,12,2,7,5,11,3,6,4,1,9,8,no,224,,,,,,,,,,,,,
71,8,6,12,10,7,9,11,5,2,4,3,1,AGREED: Shrimali = 1952 edn,8,6,12,10,7,9,11,5,2,4,3,1,matches printed image (v2 3x-zoom check),VERIFIED valid permutation,,,,p223,8,6,12,10,7,9,11,5,2,4,3,1,no,224,,,,,,,,,,,,,
72,6,7,8,12,4,10,5,2,3,11,1,9,AGREED: Shrimali = 1952 edn,6,7,8,12,4,10,5,2,3,11,1,9,matches printed image (v2 3x-zoom check),VERIFIED valid permutation,,,,p223,6,7,8,12,4,10,5,2,3,11,1,9,no,224,,,,,,,,,,,,,
73,1,4,10,6,12,11,7,8,2,5,9,3,AGREED: Shrimali = 1952 edn,1,4,10,6,12,11,7,8,2,5,9,3,matches printed image (v2 3x-zoom check),VERIFIED valid permutation,,,,p223,1,4,10,6,12,11,7,8,2,5,9,3,no,224,,,,,,,,,,,,,
74,4,2,3,8,6,12,1,11,7,10,5,9,AGREED: Shrimali = 1952 edn,4,2,3,8,6,12,1,11,7,10,5,9,matches printed image (v2 3x-zoom check),VERIFIED valid permutation,,,,p223,4,2,3,8,6,12,1,11,7,10,5,9,no,224,,,,,,,,,,,,,
75,9,10,1,3,8,6,2,7,5,4,12,11,AGREED: Shrimali = 1952 edn,9,10,1,3,8,6,2,7,5,4,12,11,matches printed image (v2 3x-zoom check),VERIFIED valid permutation,,,,p223,9,10,1,3,8,6,2,7,5,4,12,11,no,224,,,,,,,,,,,,,
76,3,9,6,1,2,8,5,12,11,7,10,4,CORRECTED FROM 1952 edn (Shrimali misprint; pdfcoffee reading invalid; Shrimali agrees on other 11 cells),3,9,6,1,2,8,5,12,1,7,10,4,matches printed image (v2 3x-zoom check),SOURCE MISPRINT - not a valid permutation,1,11,4 9,p223,3,9,6,1,2,8,5,12,11,7,10,4,no,224,,,,,,,,,,,,,EXT-VERIFY: no usable external candidate (external row invalid or unrelated)
77,11,3,9,4,1,2,8,10,12,6,7,5,AGREED: Shrimali = 1952 edn,11,3,9,4,1,2,8,10,12,6,7,5,matches printed image (v2 3x-zoom check),VERIFIED valid permutation,,,,p223,11,3,9,4,1,2,8,10,12,6,7,5,no,224,,,,,,,,,,,,,
78,5,11,4,9,7,1,6,2,10,12,3,8,SHRIMALI KEPT: 1952 edn has invalid row; online agreement previously reported but candidate numbers are not archived,5,11,4,9,7,1,6,2,10,12,3,8,matches printed image (v2 3x-zoom check),VERIFIED valid permutation,,,,p223,5,11,4,4,7,1,6,2,10,12,3,8,no,224,,,,,,,,,,,,,NOT ARCHIVED: online agreement claimed in v2.1 narrative; cannot independently verify from saved CSV
79,7,5,11,2,9,4,12,6,3,1,8,10,AGREED: Shrimali = 1952 edn,7,5,11,2,9,4,12,6,3,1,8,10,matches printed image (v2 3x-zoom check),VERIFIED valid permutation,,,,p223,7,5,11,2,9,4,12,6,3,1,8,10,no,224,,,,,,,,,,,,,
80,2,8,5,11,4,7,10,3,1,9,6,12,AGREED: Shrimali = 1952 edn,2,8,5,11,4,7,10,3,1,9,6,12,matches printed image (v2 3x-zoom check),VERIFIED valid permutation,,,,p223,2,8,5,11,4,7,10,3,1,9,6,12,no,224,,,,,,,,,,,,,
81,12,1,7,5,11,10,9,4,8,3,2,6,CORRECTED FROM 1952 edn (Shrimali misprint); matches pdfcoffee chart,2,1,7,5,11,10,9,4,8,3,2,6,matches printed image (v2 3x-zoom check),SOURCE MISPRINT - not a valid permutation,2,12,1 11,p223,12,1,7,5,11,10,9,4,8,3,2,6,no,224,12,1,7,5,11,10,9,4,8,3,2,6,EXT-VERIFY: external candidate differs from print only in the misprinted (duplicate) cells
82,10,12,2,7,5,3,4,9,6,8,11,1,AGREED: Shrimali = 1952 edn,10,12,2,7,5,3,4,9,6,8,11,1,matches printed image (v2 3x-zoom check),VERIFIED valid permutation,,,,p223,10,12,2,7,5,3,4,9,6,8,11,1,no,224,,,,,,,,,,,,,
83,8,6,12,10,3,5,11,1,9,2,4,7,CORRECTED FROM 1952 edn (Shrimali misprint); matches pdfcoffee chart,8,6,12,10,3,5,11,1,2,2,3,7,matches printed image (v2 3x-zoom check),SOURCE MISPRINT - not a valid permutation,2 3,4 9,5 9 10 11,p223,8,6,12,10,3,5,11,1,9,2,4,7,no,224,8,6,12,10,3,5,11,1,9,2,4,7,EXT-VERIFY: external candidate differs from print only in the misprinted (duplicate) cells
84,6,7,8,12,10,9,3,5,4,11,1,2,AGREED: Shrimali = 1952 edn,6,7,8,12,10,9,3,5,4,11,1,2,matches printed image (v2 3x-zoom check),VERIFIED valid permutation,,,,p223,6,7,8,12,10,9,3,5,4,11,1,2,no,224,,,,,,,,,,,,,
85,1,3,10,6,12,2,8,11,5,4,9,7,CORRECTED FROM 1952 edn (Shrimali misprint); matches pdfcoffee chart,1,3,10,6,12,2,8,11,5,3,9,7,matches printed image (v2 3x-zoom check),SOURCE MISPRINT - not a valid permutation,3,4,2 10,p223,1,3,10,6,12,2,8,11,5,4,9,7,no,224,1,3,10,6,12,2,8,11,5,4,9,7,EXT-VERIFY: external candidate differs from print only in the misprinted (duplicate) cells
86,4,1,8,3,6,12,11,2,7,9,10,5,AGREED: Shrimali = 1952 edn (col 7 derived),4,1,8,3,6,12,11,2,7,9,10,5,matches printed image (v2 3x-zoom check),VERIFIED valid permutation,,,,p223,4,1,8,3,6,12,11,2,7,9,10,5,yes,225,,,,,,,,,,,,,
87,9,4,1,7,3,8,12,5,2,6,11,10,AGREED: Shrimali = 1952 edn (col 7 derived),9,4,1,7,3,8,12,5,2,6,11,10,matches printed image (v2 3x-zoom check),VERIFIED valid permutation,,,,p223,9,4,1,7,3,8,12,5,2,6,11,10,yes,225,,,,,,,,,,,,,
88,3,9,4,1,8,10,2,7,12,5,6,11,AGREED: Shrimali = 1952 edn (col 7 derived),3,9,4,1,8,10,2,7,12,5,6,11,matches printed image (v2 3x-zoom check),VERIFIED valid permutation,,,,p223,3,9,4,1,8,10,2,7,12,5,6,11,yes,225,,,,,,,,,,,,,
89,11,10,9,4,1,6,7,12,3,8,5,2,CORRECTED FROM 1952 edn (Shrimali misprint); matches pdfcoffee chart,11,10,9,4,1,5,7,12,3,8,5,2,matches printed image (v2 3x-zoom check),SOURCE MISPRINT - not a valid permutation,5,6,6 11,p223,11,10,9,4,1,6,7,12,3,8,5,2,yes,225,11,10,9,4,1,6,7,12,3,8,5,2,EXT-VERIFY: external candidate differs from print only in the misprinted (duplicate) cells
90,5,11,6,9,4,1,3,8,10,2,7,12,AGREED: Shrimali = 1952 edn (col 7 derived),5,11,6,9,4,1,3,8,10,2,7,12,matches printed image (v2 3x-zoom check),VERIFIED valid permutation,,,,p223,5,11,6,9,4,1,3,8,10,2,7,12,yes,225,,,,,,,,,,,,,
91,7,5,11,2,10,4,6,9,8,3,12,1,AGREED: Shrimali = 1952 edn (col 7 derived),7,5,11,2,10,4,6,9,8,3,12,1,matches printed image (v2 3x-zoom check),VERIFIED valid permutation,,,,p223,7,5,11,2,10,4,6,9,8,3,12,1,yes,225,,,,,,,,,,,,,
92,2,7,5,11,9,3,10,4,1,12,8,6,AGREED: Shrimali = 1952 edn (col 7 derived),2,7,5,11,9,3,10,4,1,12,8,6,matches printed image (v2 3x-zoom check),VERIFIED valid permutation,,,,p223,2,7,5,11,9,3,10,4,1,12,8,6,yes,225,,,,,,,,,,,,,
93,12,8,7,5,2,11,9,1,6,10,3,4,AGREED: Shrimali = 1952 edn (col 7 derived),12,8,7,5,2,11,9,1,6,10,3,4,matches printed image (v2 3x-zoom check),VERIFIED valid permutation,,,,p223,12,8,7,5,2,11,9,1,6,10,3,4,yes,225,,,,,,,,,,,,,
94,10,12,2,8,11,5,4,6,9,7,1,3,CORRECTED FROM 1952 edn (Shrimali misprint); matches pdfcoffee chart,10,12,2,3,11,5,4,6,8,7,1,3,matches printed image (v2 3x-zoom check),SOURCE MISPRINT - not a valid permutation,3,9,4 12,p223,10,12,2,8,11,5,4,6,9,7,1,3,yes,225,10,12,2,8,11,5,4,6,9,7,1,3,"EXT-VERIFY (low confidence): external candidate also changes a non-duplicate cell, or the source reading was inconsistent"
95,8,6,12,10,5,7,1,3,4,11,2,9,CORRECTED FROM 1952 edn (Shrimali misprint); online agreement previously claimed but candidate numbers are not archived,8,6,12,10,5,5,7,1,3,4,11,2,matches printed image (v2 3x-zoom check),SOURCE MISPRINT - not a valid permutation,5,9,5 6,p223,8,6,12,10,5,7,1,3,4,11,2,9,yes,225,,,,,,,,,,,,,UNVERIFIED ONLINE CLAIM: earlier external extraction unusable; no replacement candidate values preserved; 1952 supports recommendation
96,6,2,3,12,7,9,5,10,11,1,4,8,AGREED: Shrimali = 1952 edn (col 7 derived),6,2,3,12,7,9,5,10,11,1,4,8,matches printed image (v2 3x-zoom check),VERIFIED valid permutation,,,,p224,6,2,3,12,7,9,5,10,11,1,4,8,yes,225,,,,,,,,,,,,,
97,1,9,10,6,12,2,7,5,3,4,8,11,AGREED: Shrimali = 1952 edn (col 7 derived),1,9,10,6,12,2,7,5,3,4,8,11,matches printed image (v2 3x-zoom check),VERIFIED valid permutation,,,,p224,1,9,10,6,12,2,7,5,3,4,8,11,yes,225,,,,,,,,,,,,,
98,4,1,6,8,10,12,11,2,9,7,3,5,AGREED: Shrimali = 1952 edn (col 7 derived),4,1,6,8,10,12,11,2,9,7,3,5,matches printed image (v2 3x-zoom check),VERIFIED valid permutation,,,,p224,4,1,6,8,10,12,11,2,9,7,3,5,yes,225,,,,,,,,,,,,,
99,9,4,1,2,6,8,12,11,5,3,10,7,"CONFLICT: Shrimali provisionally retained; 1952 differs at cols 7,8; online agreement reported but candidate numbers not archived; show both readings",9,4,1,2,6,8,12,11,5,3,10,7,matches printed image (v2 3x-zoom check),VERIFIED valid permutation,,,,p224,9,4,1,2,6,8,11,12,5,3,10,7,yes,225,,,,,,,,,,,,,NOT ARCHIVED: online agreement reported in v2.1; no candidate digits retained; conflict still unresolved
100,3,10,8,1,5,7,6,12,2,9,11,4,AGREED: Shrimali = 1952 edn (col 7 derived),3,10,8,1,5,7,6,12,2,9,11,4,matches printed image (v2 3x-zoom check),VERIFIED valid permutation,,,,p224,3,10,8,1,5,7,6,12,2,9,11,4,yes,225,,,,,,,,,,,,,
101,11,3,9,4,1,6,8,10,7,5,12,2,AGREED: Shrimali = 1952 edn (col 7 derived),11,3,9,4,1,6,8,10,7,5,12,2,matches printed image (v2 3x-zoom check),VERIFIED valid permutation,,,,p224,11,3,9,4,1,6,8,10,7,5,12,2,yes,225,,,,,,,,,,,,,
102,5,11,3,9,4,1,2,6,8,12,7,10,CORRECTED FROM 1952 edn (Shrimali misprint); matches pdfcoffee chart,5,11,3,9,4,11,2,6,8,12,7,10,matches printed image (v2 3x-zoom check),SOURCE MISPRINT - not a valid permutation,11,1,2 6,p224,5,11,3,9,4,1,2,6,8,12,7,10,yes,225,5,11,3,9,4,1,2,6,8,12,7,10,EXT-VERIFY: external candidate differs from print only in the misprinted (duplicate) cells
103,7,5,11,3,9,4,1,8,12,10,2,6,AGREED: Shrimali = 1952 edn (col 7 derived),7,5,11,3,9,4,1,8,12,10,2,6,matches printed image (v2 3x-zoom check),VERIFIED valid permutation,,,,p224,7,5,11,3,9,4,1,8,12,10,2,6,yes,225,,,,,,,,,,,,,
104,2,7,5,11,3,9,10,1,6,8,4,12,"CONFLICT: Shrimali provisionally retained; 1952 differs at cols 7,12; online agreement reported but candidate numbers not archived; show both readings",2,7,5,11,3,9,10,1,6,8,4,12,matches printed image (v2 3x-zoom check),VERIFIED valid permutation,,,,p224,2,7,5,11,3,9,12,1,6,8,4,10,yes,225,,,,,,,,,,,,,NOT ARCHIVED: online agreement reported in v2.1; no candidate digits retained; conflict still unresolved
105,12,2,4,5,11,3,9,7,10,6,1,8,AGREED: Shrimali = 1952 edn (col 7 derived),12,2,4,5,11,3,9,7,10,6,1,8,matches printed image (v2 3x-zoom check),VERIFIED valid permutation,,,,p224,12,2,4,5,11,3,9,7,10,6,1,8,yes,225,,,,,,,,,,,,,
106,10,12,2,7,8,5,3,9,4,11,6,1,AGREED: Shrimali = 1952 edn (col 7 derived),10,12,2,7,8,5,3,9,4,11,6,1,matches printed image (v2 3x-zoom check),VERIFIED valid permutation,,,,p224,10,12,2,7,8,5,3,9,4,11,6,1,yes,225,,,,,,,,,,,,,
107,8,6,12,10,7,11,4,3,1,2,5,9,CORRECTED FROM 1952 edn (Shrimali misprint); matches pdfcoffee chart,8,6,12,10,7,11,4,2,1,2,5,9,matches printed image (v2 3x-zoom check),SOURCE MISPRINT - not a valid permutation,2,3,8 10,p224,8,6,12,10,7,11,4,3,1,2,5,9,yes,225,8,6,12,10,7,11,4,3,1,2,5,9,EXT-VERIFY: external candidate differs from print only in the misprinted (duplicate) cells
108,6,8,7,12,2,10,5,4,11,1,9,3,CORRECTED FROM 1952 edn (Shrimali misprint); matches pdfcoffee chart,6,8,7,12,2,10,5,4,1,1,9,3,matches printed image (v2 3x-zoom check),SOURCE MISPRINT - not a valid permutation,1,11,9 10,p224,6,8,7,12,2,10,5,4,11,1,9,3,no,225A,6,8,7,12,2,10,5,4,11,1,9,3,EXT-VERIFY: external candidate differs from print only in the misprinted (duplicate) cells
109,1,9,10,6,12,2,7,11,5,3,4,8,AGREED: Shrimali = 1952 edn,1,9,10,6,12,2,7,11,5,3,4,8,matches printed image (v2 3x-zoom check),VERIFIED valid permutation,,,,p224,1,9,10,6,12,2,7,11,5,3,4,8,no,225A,,,,,,,,,,,,,
110,4,1,6,8,10,12,3,5,7,2,11,9,AGREED: Shrimali = 1952 edn,4,1,6,8,10,12,3,5,7,2,11,9,matches printed image (v2 3x-zoom check),VERIFIED valid permutation,,,,p224,4,1,6,8,10,12,3,5,7,2,11,9,no,225A,,,,,,,,,,,,,
111,9,4,1,2,5,8,12,10,6,7,3,11,AGREED: Shrimali = 1952 edn,9,4,1,2,5,8,12,10,6,7,3,11,matches printed image (v2 3x-zoom check),VERIFIED valid permutation,,,,p224,9,4,1,2,5,8,12,10,6,7,3,11,no,225A,,,,,,,,,,,,,
112,3,10,8,9,11,7,4,1,2,12,6,5,AGREED: Shrimali = 1952 edn,3,10,8,9,11,7,4,1,2,12,6,5,matches printed image (v2 3x-zoom check),VERIFIED valid permutation,,,,p224,3,10,8,9,11,7,4,1,2,12,6,5,no,225A,,,,,,,,,,,,,
113,11,3,9,4,1,6,2,7,10,5,8,12,AGREED: Shrimali = 1952 edn,11,3,9,4,1,6,2,7,10,5,8,12,matches printed image (v2 3x-zoom check),VERIFIED valid permutation,,,,p224,11,3,9,4,1,6,2,7,10,5,8,12,no,225A,,,,,,,,,,,,,
114,5,11,3,1,4,10,6,8,12,9,7,2,AGREED: Shrimali = 1952 edn,5,11,3,1,4,10,6,8,12,9,7,2,matches printed image (v2 3x-zoom check),VERIFIED valid permutation,,,,p224,5,11,3,1,4,10,6,8,12,9,7,2,no,225A,,,,,,,,,,,,,
115,7,5,11,3,9,4,1,12,8,10,2,6,CORRECTED FROM 1952 edn (Shrimali misprint); matches pdfcoffee chart,7,5,11,3,9,4,1,12,8,10,2,2,matches printed image (v2 3x-zoom check),SOURCE MISPRINT - not a valid permutation,2,6,11 12,p224,7,5,11,3,9,4,1,12,8,10,2,6,no,225A,7,5,11,3,9,4,1,12,8,10,2,6,EXT-VERIFY: external candidate differs from print only in the misprinted (duplicate) cells
116,2,7,5,11,3,9,10,6,4,8,12,1,AGREED: Shrimali = 1952 edn,2,7,5,11,3,9,10,6,4,8,12,1,matches printed image (v2 3x-zoom check),VERIFIED valid permutation,,,,p224,2,7,5,11,3,9,10,6,4,8,12,1,no,225A,,,,,,,,,,,,,
117,12,2,4,5,6,1,8,9,3,11,10,7,AGREED: Shrimali = 1952 edn,12,2,4,5,6,1,8,9,3,11,10,7,matches printed image (v2 3x-zoom check),VERIFIED valid permutation,,,,p224,12,2,4,5,6,1,8,9,3,11,10,7,no,225A,,,,,,,,,,,,,
118,10,12,2,7,8,11,9,3,1,6,5,4,CORRECTED FROM 1952 edn (Shrimali misprint); matches pdfcoffee chart,10,12,2,7,8,11,9,8,11,6,5,4,matches printed image (v2 3x-zoom check),SOURCE MISPRINT - not a valid permutation,8 11,1 3,5 6 8 9,p224,10,12,2,7,8,11,9,3,1,6,5,4,no,225A,10,12,2,7,8,11,9,3,1,6,5,4,EXT-VERIFY: external candidate differs from print only in the misprinted (duplicate) cells
119,8,6,12,10,7,5,11,2,9,4,1,3,CORRECTED FROM 1952 edn (Shrimali misprint); matches pdfcoffee chart,8,6,12,10,7,5,11,8,9,4,1,3,matches printed image (v2 3x-zoom check),SOURCE MISPRINT - not a valid permutation,8,2,1 8,p224,8,6,12,10,7,5,11,2,9,4,1,3,no,225A,8,6,12,10,7,5,11,2,9,4,1,3,EXT-VERIFY: external candidate differs from print only in the misprinted (duplicate) cells
120,6,8,7,12,2,3,5,4,11,1,9,10,AGREED: Shrimali = 1952 edn,6,8,7,12,2,3,5,4,11,1,9,10,matches printed image (v2 3x-zoom check),VERIFIED valid permutation,,,,p224,6,8,7,12,2,3,5,4,11,1,9,10,no,225A,,,,,,,,,,,,,
